{
  "_provenance": {
    "source": "docs/export_metrics.py",
    "reads": "Batch_Data/Fruita_Example/Output + Input + config.txt",
    "note": "All worked-example numbers in the monograph derive from this file. Regenerate with: python docs/export_metrics.py"
  },
  "site": {
    "doy": 221,
    "time": 10.5,
    "T_A_K": 300.53,
    "ea_mb": 7.2,
    "p_mb": 1019.0,
    "alt_m": 1404.0,
    "rho": 1.178100777070134,
    "cp": 1007.2963432067434,
    "rho_cp": 1186.6966046717687,
    "gamma_w": 0.0,
    "n_pixels": 475520,
    "pixel_m": 0.25,
    "nx": 785,
    "ny": 648
  },
  "cal": {
    "a": -27.740023,
    "b": 0.095559,
    "dt_cold": 0.33561538937377833,
    "dt_hot": 3.0160295917358404,
    "cold_rc": [
      554,
      376
    ],
    "hot_rc": [
      28,
      299
    ],
    "cold_ts_datum": 293.8042297363281,
    "hot_ts_datum": 321.85406494140625,
    "cold_ndvi": 0.928632378578186,
    "hot_ndvi": 0.11843348294496536,
    "cold_vi_log": 0.929,
    "hot_vi_log": 0.118,
    "lst_range": 28.0,
    "le_cold_precap": null,
    "le_cold_postcap": null,
    "rn_minus_g_cold": null,
    "h_cold_floor": null
  },
  "flux": {
    "Rn": {
      "mean": 247.3827455860609,
      "median": 237.32305908203125,
      "min": 99.69631958007812,
      "max": 379.8851318359375
    },
    "H": {
      "mean": 84.33856363970571,
      "median": 87.60432052612305,
      "min": 10.902546882629395,
      "max": 197.2313995361328
    },
    "LE": {
      "mean": 153.1488668813801,
      "median": 140.25965881347656,
      "min": -101.5229263305664,
      "max": 353.7265625
    },
    "G": {
      "mean": 9.895309374237264,
      "median": 9.492921352386475,
      "min": 3.9878528118133545,
      "max": 15.195405006408691
    },
    "ET": {
      "mean": 0.2275342544178084,
      "median": 0.20929669324007605,
      "min": -0.15439635340573996,
      "max": 0.5190310231276207
    },
    "fETr": {
      "mean": 0.4503996595835391,
      "median": 0.41249343752861023,
      "min": -0.29857152700424194,
      "max": 1.0402840375900269
    },
    "rah": {
      "mean": 26.66020640222654,
      "median": 26.33985710144043,
      "min": 22.735456466674805,
      "max": 31.044628143310547
    },
    "ET_floored_mean": 0.22790478978523848,
    "neg_LE_pct": 1.6157049125168237,
    "neg_ET_pct": 1.6157049125168237
  },
  "etr": {
    "value": 0.5267,
    "et_over_etr": 0.43270322723607085
  },
  "anchors": {
    "cold": {
      "rc": [
        554,
        376
      ],
      "ts": 293.8042297363281,
      "ndvi": 0.928632378578186,
      "lai": 7.675283432006836,
      "Rn": 376.9952697753906,
      "G": 15.07981014251709,
      "H": 12.915279388427734,
      "LE": 349.00018310546875,
      "rah": 30.85076904296875
    },
    "hot": {
      "rc": [
        28,
        299
      ],
      "ts": 321.85406494140625,
      "ndvi": 0.11843348294496536,
      "lai": 0.0016675005899742246,
      "Rn": 160.41212463378906,
      "G": 6.416484355926514,
      "H": 148.7269744873047,
      "LE": 5.268645286560059,
      "rah": 24.066255569458008
    }
  },
  "sensitivity": {
    "strategies": {
      "MinMax_zone": {
        "et_mean": 0.2279,
        "et_median": 0.2093,
        "et_std": 0.1195,
        "stem": "Fruita_Example_METRIC_MinMax_zone",
        "a": -27.74002439320638,
        "b": 0.09555949999660714,
        "ab_r2": 0.9999999999999896
      },
      "MinMax_auto": {
        "et_mean": 0.235,
        "et_median": 0.2167,
        "et_std": 0.1186,
        "stem": "Fruita_Example_METRIC_MinMax_auto",
        "a": -27.5564557023441,
        "b": 0.09467291440357466,
        "ab_r2": 0.9999999999999903
      },
      "CIMEC_zone": {
        "et_mean": 0.221,
        "et_median": 0.2016,
        "et_std": 0.1245,
        "stem": "Fruita_Example_METRIC_CIMEC_zone",
        "a": -30.79221780289504,
        "b": 0.10568886923966236,
        "ab_r2": 0.9999999999999906
      },
      "CIMEC_auto": {
        "et_mean": 0.1771,
        "et_median": 0.1491,
        "et_std": 0.1371,
        "stem": "Fruita_Example_METRIC_CIMEC_auto",
        "a": -40.380734682178016,
        "b": 0.13852880789924713,
        "ab_r2": 0.99999999999999
      },
      "ESA_auto": {
        "et_mean": 0.2006,
        "et_median": 0.1787,
        "et_std": 0.1301,
        "stem": "Fruita_Example_METRIC_ESA_auto",
        "a": -34.271657939602584,
        "b": 0.11777302020170248,
        "ab_r2": 0.9999999999999902
      }
    },
    "et_min": 0.1771,
    "et_max": 0.235,
    "et_spread_pct": 24.63829787234042
  }
}